8484a4,::1,GET,http://localhost/Silex/intro/web/index_dev.php/test,1501495176,,200
9933a4,::1,GET,http://localhost/Silex/intro/web/index_dev.php/test,1501495732,,200
a37240,::1,GET,http://localhost/Silex/intro/web/index_dev.php/,1501497540,,200
690dfd,::1,GET,http://localhost/Silex/intro/web/index_dev.php/test,1501497550,,200
a0225e,::1,GET,http://localhost/Silex/intro/web/index_dev.php/test,1501497978,,200
047fa3,::1,GET,http://localhost/Silex/intro/web/index_dev.php/test,1501497980,,200
6a058c,::1,GET,http://localhost/Silex/intro/web/index_dev.php/test,1501497982,,200
6bb63b,::1,GET,http://localhost/Silex/intro/web/index_dev.php/test,1501497985,,200
650deb,::1,GET,http://localhost/Silex/intro/web/index_dev.php/test,1501498005,,200
964aa4,::1,GET,http://localhost/Silex/intro/web/index_dev.php/twig,1501498012,,200
bc8e9c,::1,GET,http://localhost/Silex/intro/web/index_dev.php/test,1501498070,,200
e709f4,::1,GET,http://localhost/Silex/intro/web/index_dev.php/twig,1501498077,,200
baad1d,::1,GET,http://localhost/Silex/intro/web/index_dev.php/twig,1501498140,,200
c6e6d5,::1,GET,http://localhost/Silex/intro/web/index_dev.php/twig,1501498143,,200
f56247,::1,GET,http://localhost/Silex/intro/web/index_dev.php/test,1501498148,,200
0cff48,::1,GET,http://localhost/Silex/intro/web/index_dev.php/twig,1501498151,,200
904265,::1,GET,http://localhost/Silex/intro/web/index_dev.php/test,1501498172,,200
46aed2,::1,GET,http://localhost/Silex/intro/web/index_dev.php/twig,1501498174,,200
8ae516,::1,GET,http://localhost/Silex/intro/web/index_dev.php/twig,1501498378,,200
27e609,::1,GET,http://localhost/Silex/intro/web/index_dev.php/test,1501498380,,200
97ccf7,::1,GET,http://localhost/Silex/intro/web/index_dev.php/twig,1501498389,,200
c18de9,::1,GET,http://localhost/Silex/intro/web/index_dev.php/twig,1501499980,,200
18a829,::1,GET,http://localhost/Silex/intro/web/index_dev.php/test,1501499983,,200
a6923a,::1,GET,http://localhost/Silex/intro/web/index_dev.php/test,1501499986,,200
a97e83,::1,GET,http://localhost/Silex/intro/web/index_dev.php/twig,1501503334,,200
624936,::1,GET,http://localhost/Silex/intro/web/index_dev.php/twig,1501503623,,500
e9696f,::1,GET,http://localhost/Silex/intro/web/index_dev.php/twig,1501503647,,500
a8cce2,::1,GET,http://localhost/Silex/intro/web/index_dev.php/twig,1501503703,,500
3c6c8a,::1,GET,http://localhost/Silex/intro/web/index_dev.php/twig,1501503706,,500
c0bd41,::1,GET,http://localhost/Silex/intro/web/index_dev.php/twig,1501503890,,500
950065,::1,GET,http://localhost/Silex/intro/web/index_dev.php/twig,1501503892,,500
63fa10,::1,GET,http://localhost/Silex/intro/web/index_dev.php/test,1501503897,,200
955e16,::1,GET,http://localhost/Silex/intro/web/index_dev.php/twig,1501503901,,500
b37d9a,::1,GET,http://localhost/Silex/intro/web/index_dev.php/twig,1501503915,,200
2f03b3,::1,GET,http://localhost/Silex/intro/web/index_dev.php/twig,1501504007,,200
9c5df1,::1,GET,http://localhost/Silex/intro/web/index_dev.php/twig,1501504011,,200
b1afc9,::1,GET,http://localhost/Silex/intro/web/index_dev.php/twig,1501504299,,200
3083ca,::1,GET,http://localhost/Silex/intro/web/index_dev.php/twig,1501504509,,200
19da32,::1,GET,http://localhost/Silex/intro/web/index_dev.php/twig,1501504632,,200
0c9d76,::1,GET,http://localhost/Silex/intro/web/index_dev.php/twig,1501505377,,200
a6c0df,::1,GET,http://localhost/Silex/intro/web/index_dev.php/twig,1501505621,,200
3d1d55,::1,GET,http://localhost/Silex/intro/web/index_dev.php/twig,1501505846,,200
9e4d8a,::1,GET,http://localhost/Silex/intro/web/index_dev.php/twig,1501506213,,200
8dcd70,::1,GET,http://localhost/Silex/intro/web/index_dev.php/twig,1501506309,,200
20955a,::1,GET,http://localhost/Silex/intro/web/index_dev.php/twig,1501506397,,200
4b17a3,::1,GET,http://localhost/Silex/intro/web/index_dev.php/twig,1501506493,,200
f60f63,::1,GET,http://localhost/Silex/intro/web/index_dev.php/twig,1501506823,,500
68de3d,::1,GET,http://localhost/Silex/intro/web/index_dev.php/twig,1501506841,,500
399c72,::1,GET,http://localhost/Silex/intro/web/index_dev.php/twig,1501506851,,200
f099d0,::1,GET,http://localhost/Silex/intro/web/index_dev.php/twig,1501506938,,500
16a76a,::1,GET,http://localhost/Silex/intro/web/index_dev.php/twig,1501506952,,200
37f14f,::1,GET,http://localhost/Silex/intro/web/index_dev.php/twig,1501507023,,200
e1c6d0,::1,GET,http://localhost/Silex/intro/web/index_dev.php/twig,1501507274,,200
4fc032,::1,GET,http://localhost/Silex/intro/web/index_dev.php/twig,1501507373,,200
7eb2e0,::1,GET,http://localhost/Silex/intro/web/index_dev.php/twig,1501507497,,500
980d00,::1,GET,http://localhost/Silex/intro/web/index_dev.php/twig,1501507540,,500
b6520c,::1,GET,http://localhost/Silex/intro/web/index_dev.php/twig,1501507541,,500
e185e6,::1,GET,http://localhost/Silex/intro/web/index_dev.php/twig,1501507541,,500
433b53,::1,GET,http://localhost/Silex/intro/web/index_dev.php/twig,1501507567,,500
26d0b3,::1,GET,http://localhost/Silex/intro/web/index_dev.php/twig,1501507602,,500
82c41b,::1,GET,http://localhost/Silex/intro/web/index_dev.php/twig,1501507646,,500
85da8d,::1,GET,http://localhost/Silex/intro/web/index_dev.php/twig,1501507663,,200
3cfb40,::1,GET,http://localhost/Silex/intro/web/index_dev.php/twig,1501507696,,500
896fce,::1,GET,http://localhost/Silex/intro/web/index_dev.php/twig,1501507726,,500
54d593,::1,GET,http://localhost/Silex/intro/web/index_dev.php/twig,1501507742,,500
f303da,::1,GET,http://localhost/Silex/intro/web/index_dev.php/twig,1501507813,,200
52d16d,::1,GET,http://localhost/Silex/intro/web/index_dev.php/helloworld,1501511930,,404
47cf60,::1,GET,http://localhost/Silex/intro/web/index_dev.php/,1501512020,,200
014c0d,::1,GET,http://localhost/Silex/intro/web/index_dev.php/twig,1501512029,,200
cf1ca7,::1,GET,http://localhost/Silex/intro/web/index_dev.php/helloworld,1501512042,,404
c4cc7b,::1,GET,http://localhost/Silex/intro/web/index_dev.php/helloworld,1501512087,,404
2877cc,::1,GET,http://localhost/Silex/intro/web/index_dev.php/helloworld,1501512090,,404
e026e4,::1,GET,http://localhost/Silex/intro/web/index_dev.php/helloworld,1501512098,,404
8c1233,::1,GET,http://localhost/Silex/intro/web/index_dev.php/helloworld,1501512120,,500
82577b,::1,GET,http://localhost/Silex/intro/web/index_dev.php/helloworld,1501512142,,200
2e5509,::1,GET,http://localhost/Silex/intro/web/index_dev.php/hello/alex,1501513821,,500
154ea4,::1,GET,http://localhost/Silex/intro/web/index_dev.php/hello/alex,1501513850,,200
